                  epoch,             train/loss,  metrics/accuracy_top1,  metrics/accuracy_top5,               val/loss,                 lr/pg0,                 lr/pg1,                 lr/pg2
                      1,                0.48933,                      1,                      1,                0.90692,             0.00023659,             0.00023659,             0.00023659
                      2,                0.08785,                      1,                      1,                0.90517,             0.00023967,             0.00023967,             0.00023967
