                  epoch,             train/loss,  metrics/accuracy_top1,  metrics/accuracy_top5,               val/loss,                 lr/pg0,                 lr/pg1,                 lr/pg2
                      1,                0.03054,                      1,                      1,                0.90491,             0.00023719,             0.00023719,             0.00023719
                      2,                0.03179,                      1,                      1,                0.90488,             0.00040798,             0.00040798,             0.00040798
                      3,                0.04217,                      1,                      1,                0.90484,             0.00051146,             0.00051146,             0.00051146
                      4,                0.03846,                      1,                      1,                0.90483,             0.00041106,             0.00041106,             0.00041106
                      5,                0.03154,                      1,                      1,                0.90483,             0.00041106,             0.00041106,             0.00041106
                      6,                0.02435,                      1,                      1,                0.90484,             0.00031008,             0.00031008,             0.00031008
                      7,                0.01218,                      1,                      1,                0.90483,              0.0002091,              0.0002091,              0.0002091
